<?xml version="1.0" encoding="UTF-8"?>
<jcr:root xmlns:sling="http://sling.apache.org/jcr/sling/1.0" xmlns:cq="http://www.day.com/jcr/cq/1.0" xmlns:jcr="http://www.jcp.org/jcr/1.0" xmlns:rep="internal"
    jcr:mixinTypes="[rep:AccessControllable]"
    jcr:primaryType="sling:OrderedFolder">
    <rep:policy/>
    <dam/>
    <experience-fragments/>
    <cq:tags/>
    <projects/>
    <usergenerated/>
    <screens/>
    <catalogs/>
    <launches/>
    <campaigns/>
    <communities/>
    <sites/>
    <forms/>
    <community/>
    <community-components/>
    <we-retail/>
    <core-components-examples/>
    <ayansh/>
    <saashipage/>
    <sashipage/>
    <homepage/>
    <designdialogpage/>
    <infoeditablepage/>
    <kannapage/>
    <cccpage/>
    <sweetypage/>
    <stylespage/>
    <kannashaashipage/>
    <shaashikpage/>
    <adobe/>
    <aemfirst/>
    <jsonpage/>
</jcr:root>
